fid,left,top,right,bottom,id
6,-1357.66650390625,-3555099.75,-857.66650390625,-3555599.75,6
8,-1357.66650390625,-3556099.75,-857.66650390625,-3556599.75,8
9,-1357.66650390625,-3556599.75,-857.66650390625,-3557099.75,9
13,-1357.66650390625,-3558599.75,-857.66650390625,-3559099.75,13
14,-1357.66650390625,-3559099.75,-857.66650390625,-3559599.75,14
15,-1357.66650390625,-3559599.75,-857.66650390625,-3560099.75,15
17,-1357.66650390625,-3560599.75,-857.66650390625,-3561099.75,17
19,-1357.66650390625,-3561599.75,-857.66650390625,-3562099.75,19
100,-857.66650390625,-3553099.75,-357.66650390625,-3553599.75,100
107,-857.66650390625,-3556599.75,-357.66650390625,-3557099.75,107
108,-857.66650390625,-3557099.75,-357.66650390625,-3557599.75,108
109,-857.66650390625,-3557599.75,-357.66650390625,-3558099.75,109
110,-857.66650390625,-3558099.75,-357.66650390625,-3558599.75,110
111,-857.66650390625,-3558599.75,-357.66650390625,-3559099.75,111
113,-857.66650390625,-3559599.75,-357.66650390625,-3560099.75,113
202,-357.66650390625,-3555099.75,142.33349609375,-3555599.75,202
204,-357.66650390625,-3556099.75,142.33349609375,-3556599.75,204
207,-357.66650390625,-3557599.75,142.33349609375,-3558099.75,207
208,-357.66650390625,-3558099.75,142.33349609375,-3558599.75,208
209,-357.66650390625,-3558599.75,142.33349609375,-3559099.75,209
211,-357.66650390625,-3559599.75,142.33349609375,-3560099.75,211
213,-357.66650390625,-3560599.75,142.33349609375,-3561099.75,213
217,-357.66650390625,-3562599.75,142.33349609375,-3563099.75,217
218,-357.66650390625,-3563099.75,142.33349609375,-3563599.75,218
219,-357.66650390625,-3563599.75,142.33349609375,-3564099.75,219
220,-357.66650390625,-3564099.75,142.33349609375,-3564599.75,220
222,-357.66650390625,-3565099.75,142.33349609375,-3565599.75,222
295,142.33349609375,-3552599.75,642.33349609375,-3553099.75,295
297,142.33349609375,-3553599.75,642.33349609375,-3554099.75,297
298,142.33349609375,-3554099.75,642.33349609375,-3554599.75,298
304,142.33349609375,-3557099.75,642.33349609375,-3557599.75,304
311,142.33349609375,-3560599.75,642.33349609375,-3561099.75,311
312,142.33349609375,-3561099.75,642.33349609375,-3561599.75,312
315,142.33349609375,-3562599.75,642.33349609375,-3563099.75,315
318,142.33349609375,-3564099.75,642.33349609375,-3564599.75,318
319,142.33349609375,-3564599.75,642.33349609375,-3565099.75,319
321,142.33349609375,-3565599.75,642.33349609375,-3566099.75,321
323,142.33349609375,-3566599.75,642.33349609375,-3567099.75,323
324,142.33349609375,-3567099.75,642.33349609375,-3567599.75,324
395,642.33349609375,-3553599.75,1142.33349609375,-3554099.75,395
398,642.33349609375,-3555099.75,1142.33349609375,-3555599.75,398
400,642.33349609375,-3556099.75,1142.33349609375,-3556599.75,400
403,642.33349609375,-3557599.75,1142.33349609375,-3558099.75,403
405,642.33349609375,-3558599.75,1142.33349609375,-3559099.75,405
409,642.33349609375,-3560599.75,1142.33349609375,-3561099.75,409
412,642.33349609375,-3562099.75,1142.33349609375,-3562599.75,412
416,642.33349609375,-3564099.75,1142.33349609375,-3564599.75,416
419,642.33349609375,-3565599.75,1142.33349609375,-3566099.75,419
420,642.33349609375,-3566099.75,1142.33349609375,-3566599.75,420
421,642.33349609375,-3566599.75,1142.33349609375,-3567099.75,421
422,642.33349609375,-3567099.75,1142.33349609375,-3567599.75,422
423,642.33349609375,-3567599.75,1142.33349609375,-3568099.75,423
424,642.33349609375,-3568099.75,1142.33349609375,-3568599.75,424
425,642.33349609375,-3568599.75,1142.33349609375,-3569099.75,425
494,1142.33349609375,-3554099.75,1642.33349609375,-3554599.75,494
497,1142.33349609375,-3555599.75,1642.33349609375,-3556099.75,497
503,1142.33349609375,-3558599.75,1642.33349609375,-3559099.75,503
505,1142.33349609375,-3559599.75,1642.33349609375,-3560099.75,505
506,1142.33349609375,-3560099.75,1642.33349609375,-3560599.75,506
508,1142.33349609375,-3561099.75,1642.33349609375,-3561599.75,508
512,1142.33349609375,-3563099.75,1642.33349609375,-3563599.75,512
515,1142.33349609375,-3564599.75,1642.33349609375,-3565099.75,515
516,1142.33349609375,-3565099.75,1642.33349609375,-3565599.75,516
518,1142.33349609375,-3566099.75,1642.33349609375,-3566599.75,518
522,1142.33349609375,-3568099.75,1642.33349609375,-3568599.75,522
523,1142.33349609375,-3568599.75,1642.33349609375,-3569099.75,523
526,1142.33349609375,-3570099.75,1642.33349609375,-3570599.75,526
527,1142.33349609375,-3570599.75,1642.33349609375,-3571099.75,527
528,1142.33349609375,-3571099.75,1642.33349609375,-3571599.75,528
531,1142.33349609375,-3572599.75,1642.33349609375,-3573099.75,531
533,1142.33349609375,-3573599.75,1642.33349609375,-3574099.75,533
591,1642.33349609375,-3553599.75,2142.33349609375,-3554099.75,591
592,1642.33349609375,-3554099.75,2142.33349609375,-3554599.75,592
593,1642.33349609375,-3554599.75,2142.33349609375,-3555099.75,593
596,1642.33349609375,-3556099.75,2142.33349609375,-3556599.75,596
597,1642.33349609375,-3556599.75,2142.33349609375,-3557099.75,597
602,1642.33349609375,-3559099.75,2142.33349609375,-3559599.75,602
603,1642.33349609375,-3559599.75,2142.33349609375,-3560099.75,603
608,1642.33349609375,-3562099.75,2142.33349609375,-3562599.75,608
609,1642.33349609375,-3562599.75,2142.33349609375,-3563099.75,609
610,1642.33349609375,-3563099.75,2142.33349609375,-3563599.75,610
612,1642.33349609375,-3564099.75,2142.33349609375,-3564599.75,612
616,1642.33349609375,-3566099.75,2142.33349609375,-3566599.75,616
618,1642.33349609375,-3567099.75,2142.33349609375,-3567599.75,618
619,1642.33349609375,-3567599.75,2142.33349609375,-3568099.75,619
622,1642.33349609375,-3569099.75,2142.33349609375,-3569599.75,622
624,1642.33349609375,-3570099.75,2142.33349609375,-3570599.75,624
626,1642.33349609375,-3571099.75,2142.33349609375,-3571599.75,626
628,1642.33349609375,-3572099.75,2142.33349609375,-3572599.75,628
629,1642.33349609375,-3572599.75,2142.33349609375,-3573099.75,629
630,1642.33349609375,-3573099.75,2142.33349609375,-3573599.75,630
631,1642.33349609375,-3573599.75,2142.33349609375,-3574099.75,631
633,1642.33349609375,-3574599.75,2142.33349609375,-3575099.75,633
636,1642.33349609375,-3576099.75,2142.33349609375,-3576599.75,636
687,2142.33349609375,-3552599.75,2642.33349609375,-3553099.75,687
692,2142.33349609375,-3555099.75,2642.33349609375,-3555599.75,692
693,2142.33349609375,-3555599.75,2642.33349609375,-3556099.75,693
694,2142.33349609375,-3556099.75,2642.33349609375,-3556599.75,694
698,2142.33349609375,-3558099.75,2642.33349609375,-3558599.75,698
703,2142.33349609375,-3560599.75,2642.33349609375,-3561099.75,703
704,2142.33349609375,-3561099.75,2642.33349609375,-3561599.75,704
706,2142.33349609375,-3562099.75,2642.33349609375,-3562599.75,706
707,2142.33349609375,-3562599.75,2642.33349609375,-3563099.75,707
709,2142.33349609375,-3563599.75,2642.33349609375,-3564099.75,709
717,2142.33349609375,-3567599.75,2642.33349609375,-3568099.75,717
718,2142.33349609375,-3568099.75,2642.33349609375,-3568599.75,718
719,2142.33349609375,-3568599.75,2642.33349609375,-3569099.75,719
720,2142.33349609375,-3569099.75,2642.33349609375,-3569599.75,720
721,2142.33349609375,-3569599.75,2642.33349609375,-3570099.75,721
722,2142.33349609375,-3570099.75,2642.33349609375,-3570599.75,722
723,2142.33349609375,-3570599.75,2642.33349609375,-3571099.75,723
725,2142.33349609375,-3571599.75,2642.33349609375,-3572099.75,725
731,2142.33349609375,-3574599.75,2642.33349609375,-3575099.75,731
734,2142.33349609375,-3576099.75,2642.33349609375,-3576599.75,734
735,2142.33349609375,-3576599.75,2642.33349609375,-3577099.75,735
736,2142.33349609375,-3577099.75,2642.33349609375,-3577599.75,736
786,2642.33349609375,-3553099.75,3142.33349609375,-3553599.75,786
787,2642.33349609375,-3553599.75,3142.33349609375,-3554099.75,787
788,2642.33349609375,-3554099.75,3142.33349609375,-3554599.75,788
789,2642.33349609375,-3554599.75,3142.33349609375,-3555099.75,789
792,2642.33349609375,-3556099.75,3142.33349609375,-3556599.75,792
793,2642.33349609375,-3556599.75,3142.33349609375,-3557099.75,793
796,2642.33349609375,-3558099.75,3142.33349609375,-3558599.75,796
797,2642.33349609375,-3558599.75,3142.33349609375,-3559099.75,797
799,2642.33349609375,-3559599.75,3142.33349609375,-3560099.75,799
806,2642.33349609375,-3563099.75,3142.33349609375,-3563599.75,806
808,2642.33349609375,-3564099.75,3142.33349609375,-3564599.75,808
810,2642.33349609375,-3565099.75,3142.33349609375,-3565599.75,810
813,2642.33349609375,-3566599.75,3142.33349609375,-3567099.75,813
814,2642.33349609375,-3567099.75,3142.33349609375,-3567599.75,814
815,2642.33349609375,-3567599.75,3142.33349609375,-3568099.75,815
816,2642.33349609375,-3568099.75,3142.33349609375,-3568599.75,816
817,2642.33349609375,-3568599.75,3142.33349609375,-3569099.75,817
819,2642.33349609375,-3569599.75,3142.33349609375,-3570099.75,819
821,2642.33349609375,-3570599.75,3142.33349609375,-3571099.75,821
824,2642.33349609375,-3572099.75,3142.33349609375,-3572599.75,824
825,2642.33349609375,-3572599.75,3142.33349609375,-3573099.75,825
827,2642.33349609375,-3573599.75,3142.33349609375,-3574099.75,827
828,2642.33349609375,-3574099.75,3142.33349609375,-3574599.75,828
829,2642.33349609375,-3574599.75,3142.33349609375,-3575099.75,829
830,2642.33349609375,-3575099.75,3142.33349609375,-3575599.75,830
831,2642.33349609375,-3575599.75,3142.33349609375,-3576099.75,831
832,2642.33349609375,-3576099.75,3142.33349609375,-3576599.75,832
838,2642.33349609375,-3579099.75,3142.33349609375,-3579599.75,838
839,2642.33349609375,-3579599.75,3142.33349609375,-3580099.75,839
840,2642.33349609375,-3580099.75,3142.33349609375,-3580599.75,840
841,2642.33349609375,-3580599.75,3142.33349609375,-3581099.75,841
842,2642.33349609375,-3581099.75,3142.33349609375,-3581599.75,842
884,3142.33349609375,-3553099.75,3642.33349609375,-3553599.75,884
887,3142.33349609375,-3554599.75,3642.33349609375,-3555099.75,887
888,3142.33349609375,-3555099.75,3642.33349609375,-3555599.75,888
889,3142.33349609375,-3555599.75,3642.33349609375,-3556099.75,889
890,3142.33349609375,-3556099.75,3642.33349609375,-3556599.75,890
892,3142.33349609375,-3557099.75,3642.33349609375,-3557599.75,892
894,3142.33349609375,-3558099.75,3642.33349609375,-3558599.75,894
895,3142.33349609375,-3558599.75,3642.33349609375,-3559099.75,895
897,3142.33349609375,-3559599.75,3642.33349609375,-3560099.75,897
900,3142.33349609375,-3561099.75,3642.33349609375,-3561599.75,900
903,3142.33349609375,-3562599.75,3642.33349609375,-3563099.75,903
914,3142.33349609375,-3568099.75,3642.33349609375,-3568599.75,914
919,3142.33349609375,-3570599.75,3642.33349609375,-3571099.75,919
920,3142.33349609375,-3571099.75,3642.33349609375,-3571599.75,920
921,3142.33349609375,-3571599.75,3642.33349609375,-3572099.75,921
922,3142.33349609375,-3572099.75,3642.33349609375,-3572599.75,922
926,3142.33349609375,-3574099.75,3642.33349609375,-3574599.75,926
927,3142.33349609375,-3574599.75,3642.33349609375,-3575099.75,927
932,3142.33349609375,-3577099.75,3642.33349609375,-3577599.75,932
940,3142.33349609375,-3581099.75,3642.33349609375,-3581599.75,940
942,3142.33349609375,-3582099.75,3642.33349609375,-3582599.75,942
943,3142.33349609375,-3582599.75,3642.33349609375,-3583099.75,943
984,3642.33349609375,-3554099.75,4142.33349609375,-3554599.75,984
987,3642.33349609375,-3555599.75,4142.33349609375,-3556099.75,987
988,3642.33349609375,-3556099.75,4142.33349609375,-3556599.75,988
995,3642.33349609375,-3559599.75,4142.33349609375,-3560099.75,995
997,3642.33349609375,-3560599.75,4142.33349609375,-3561099.75,997
1000,3642.33349609375,-3562099.75,4142.33349609375,-3562599.75,1000
1003,3642.33349609375,-3563599.75,4142.33349609375,-3564099.75,1003
1004,3642.33349609375,-3564099.75,4142.33349609375,-3564599.75,1004
1005,3642.33349609375,-3564599.75,4142.33349609375,-3565099.75,1005
1007,3642.33349609375,-3565599.75,4142.33349609375,-3566099.75,1007
1008,3642.33349609375,-3566099.75,4142.33349609375,-3566599.75,1008
1013,3642.33349609375,-3568599.75,4142.33349609375,-3569099.75,1013
1014,3642.33349609375,-3569099.75,4142.33349609375,-3569599.75,1014
1015,3642.33349609375,-3569599.75,4142.33349609375,-3570099.75,1015
1017,3642.33349609375,-3570599.75,4142.33349609375,-3571099.75,1017
1018,3642.33349609375,-3571099.75,4142.33349609375,-3571599.75,1018
1020,3642.33349609375,-3572099.75,4142.33349609375,-3572599.75,1020
1024,3642.33349609375,-3574099.75,4142.33349609375,-3574599.75,1024
1025,3642.33349609375,-3574599.75,4142.33349609375,-3575099.75,1025
1026,3642.33349609375,-3575099.75,4142.33349609375,-3575599.75,1026
1027,3642.33349609375,-3575599.75,4142.33349609375,-3576099.75,1027
1028,3642.33349609375,-3576099.75,4142.33349609375,-3576599.75,1028
1034,3642.33349609375,-3579099.75,4142.33349609375,-3579599.75,1034
1042,3642.33349609375,-3583099.75,4142.33349609375,-3583599.75,1042
1043,3642.33349609375,-3583599.75,4142.33349609375,-3584099.75,1043
1044,3642.33349609375,-3584099.75,4142.33349609375,-3584599.75,1044
1045,3642.33349609375,-3584599.75,4142.33349609375,-3585099.75,1045
1047,3642.33349609375,-3585599.75,4142.33349609375,-3586099.75,1047
1081,4142.33349609375,-3553599.75,4642.33349609375,-3554099.75,1081
1087,4142.33349609375,-3556599.75,4642.33349609375,-3557099.75,1087
1088,4142.33349609375,-3557099.75,4642.33349609375,-3557599.75,1088
1090,4142.33349609375,-3558099.75,4642.33349609375,-3558599.75,1090
1093,4142.33349609375,-3559599.75,4642.33349609375,-3560099.75,1093
1101,4142.33349609375,-3563599.75,4642.33349609375,-3564099.75,1101
1106,4142.33349609375,-3566099.75,4642.33349609375,-3566599.75,1106
1110,4142.33349609375,-3568099.75,4642.33349609375,-3568599.75,1110
1111,4142.33349609375,-3568599.75,4642.33349609375,-3569099.75,1111
1113,4142.33349609375,-3569599.75,4642.33349609375,-3570099.75,1113
1114,4142.33349609375,-3570099.75,4642.33349609375,-3570599.75,1114
1116,4142.33349609375,-3571099.75,4642.33349609375,-3571599.75,1116
1117,4142.33349609375,-3571599.75,4642.33349609375,-3572099.75,1117
1125,4142.33349609375,-3575599.75,4642.33349609375,-3576099.75,1125
1128,4142.33349609375,-3577099.75,4642.33349609375,-3577599.75,1128
1129,4142.33349609375,-3577599.75,4642.33349609375,-3578099.75,1129
1130,4142.33349609375,-3578099.75,4642.33349609375,-3578599.75,1130
1131,4142.33349609375,-3578599.75,4642.33349609375,-3579099.75,1131
1135,4142.33349609375,-3580599.75,4642.33349609375,-3581099.75,1135
1136,4142.33349609375,-3581099.75,4642.33349609375,-3581599.75,1136
1137,4142.33349609375,-3581599.75,4642.33349609375,-3582099.75,1137
1138,4142.33349609375,-3582099.75,4642.33349609375,-3582599.75,1138
1142,4142.33349609375,-3584099.75,4642.33349609375,-3584599.75,1142
1144,4142.33349609375,-3585099.75,4642.33349609375,-3585599.75,1144
1181,4642.33349609375,-3554599.75,5142.33349609375,-3555099.75,1181
1184,4642.33349609375,-3556099.75,5142.33349609375,-3556599.75,1184
1186,4642.33349609375,-3557099.75,5142.33349609375,-3557599.75,1186
1190,4642.33349609375,-3559099.75,5142.33349609375,-3559599.75,1190
1195,4642.33349609375,-3561599.75,5142.33349609375,-3562099.75,1195
1196,4642.33349609375,-3562099.75,5142.33349609375,-3562599.75,1196
1198,4642.33349609375,-3563099.75,5142.33349609375,-3563599.75,1198
1199,4642.33349609375,-3563599.75,5142.33349609375,-3564099.75,1199
1206,4642.33349609375,-3567099.75,5142.33349609375,-3567599.75,1206
1207,4642.33349609375,-3567599.75,5142.33349609375,-3568099.75,1207
1208,4642.33349609375,-3568099.75,5142.33349609375,-3568599.75,1208
1213,4642.33349609375,-3570599.75,5142.33349609375,-3571099.75,1213
1215,4642.33349609375,-3571599.75,5142.33349609375,-3572099.75,1215
1218,4642.33349609375,-3573099.75,5142.33349609375,-3573599.75,1218
1219,4642.33349609375,-3573599.75,5142.33349609375,-3574099.75,1219
1220,4642.33349609375,-3574099.75,5142.33349609375,-3574599.75,1220
1223,4642.33349609375,-3575599.75,5142.33349609375,-3576099.75,1223
1227,4642.33349609375,-3577599.75,5142.33349609375,-3578099.75,1227
1231,4642.33349609375,-3579599.75,5142.33349609375,-3580099.75,1231
1232,4642.33349609375,-3580099.75,5142.33349609375,-3580599.75,1232
1239,4642.33349609375,-3583599.75,5142.33349609375,-3584099.75,1239
1242,4642.33349609375,-3585099.75,5142.33349609375,-3585599.75,1242
1248,4642.33349609375,-3588099.75,5142.33349609375,-3588599.75,1248
1249,4642.33349609375,-3588599.75,5142.33349609375,-3589099.75,1249
1250,4642.33349609375,-3589099.75,5142.33349609375,-3589599.75,1250
1280,5142.33349609375,-3555099.75,5642.33349609375,-3555599.75,1280
1283,5142.33349609375,-3556599.75,5642.33349609375,-3557099.75,1283
1284,5142.33349609375,-3557099.75,5642.33349609375,-3557599.75,1284
1285,5142.33349609375,-3557599.75,5642.33349609375,-3558099.75,1285
1291,5142.33349609375,-3560599.75,5642.33349609375,-3561099.75,1291
1293,5142.33349609375,-3561599.75,5642.33349609375,-3562099.75,1293
1295,5142.33349609375,-3562599.75,5642.33349609375,-3563099.75,1295
1296,5142.33349609375,-3563099.75,5642.33349609375,-3563599.75,1296
1297,5142.33349609375,-3563599.75,5642.33349609375,-3564099.75,1297
1299,5142.33349609375,-3564599.75,5642.33349609375,-3565099.75,1299
1300,5142.33349609375,-3565099.75,5642.33349609375,-3565599.75,1300
1301,5142.33349609375,-3565599.75,5642.33349609375,-3566099.75,1301
1304,5142.33349609375,-3567099.75,5642.33349609375,-3567599.75,1304
1305,5142.33349609375,-3567599.75,5642.33349609375,-3568099.75,1305
1306,5142.33349609375,-3568099.75,5642.33349609375,-3568599.75,1306
1308,5142.33349609375,-3569099.75,5642.33349609375,-3569599.75,1308
1309,5142.33349609375,-3569599.75,5642.33349609375,-3570099.75,1309
1310,5142.33349609375,-3570099.75,5642.33349609375,-3570599.75,1310
1315,5142.33349609375,-3572599.75,5642.33349609375,-3573099.75,1315
1318,5142.33349609375,-3574099.75,5642.33349609375,-3574599.75,1318
1319,5142.33349609375,-3574599.75,5642.33349609375,-3575099.75,1319
1321,5142.33349609375,-3575599.75,5642.33349609375,-3576099.75,1321
1324,5142.33349609375,-3577099.75,5642.33349609375,-3577599.75,1324
1326,5142.33349609375,-3578099.75,5642.33349609375,-3578599.75,1326
1327,5142.33349609375,-3578599.75,5642.33349609375,-3579099.75,1327
1328,5142.33349609375,-3579099.75,5642.33349609375,-3579599.75,1328
1332,5142.33349609375,-3581099.75,5642.33349609375,-3581599.75,1332
1335,5142.33349609375,-3582599.75,5642.33349609375,-3583099.75,1335
1336,5142.33349609375,-3583099.75,5642.33349609375,-3583599.75,1336
1337,5142.33349609375,-3583599.75,5642.33349609375,-3584099.75,1337
1341,5142.33349609375,-3585599.75,5642.33349609375,-3586099.75,1341
1348,5142.33349609375,-3589099.75,5642.33349609375,-3589599.75,1348
1349,5142.33349609375,-3589599.75,5642.33349609375,-3590099.75,1349
1382,5642.33349609375,-3557099.75,6142.33349609375,-3557599.75,1382
1383,5642.33349609375,-3557599.75,6142.33349609375,-3558099.75,1383
1384,5642.33349609375,-3558099.75,6142.33349609375,-3558599.75,1384
1386,5642.33349609375,-3559099.75,6142.33349609375,-3559599.75,1386
1393,5642.33349609375,-3562599.75,6142.33349609375,-3563099.75,1393
1397,5642.33349609375,-3564599.75,6142.33349609375,-3565099.75,1397
1398,5642.33349609375,-3565099.75,6142.33349609375,-3565599.75,1398
1400,5642.33349609375,-3566099.75,6142.33349609375,-3566599.75,1400
1401,5642.33349609375,-3566599.75,6142.33349609375,-3567099.75,1401
1407,5642.33349609375,-3569599.75,6142.33349609375,-3570099.75,1407
1408,5642.33349609375,-3570099.75,6142.33349609375,-3570599.75,1408
1411,5642.33349609375,-3571599.75,6142.33349609375,-3572099.75,1411
1412,5642.33349609375,-3572099.75,6142.33349609375,-3572599.75,1412
1418,5642.33349609375,-3575099.75,6142.33349609375,-3575599.75,1418
1419,5642.33349609375,-3575599.75,6142.33349609375,-3576099.75,1419
1423,5642.33349609375,-3577599.75,6142.33349609375,-3578099.75,1423
1429,5642.33349609375,-3580599.75,6142.33349609375,-3581099.75,1429
1430,5642.33349609375,-3581099.75,6142.33349609375,-3581599.75,1430
1431,5642.33349609375,-3581599.75,6142.33349609375,-3582099.75,1431
1436,5642.33349609375,-3584099.75,6142.33349609375,-3584599.75,1436
1437,5642.33349609375,-3584599.75,6142.33349609375,-3585099.75,1437
1441,5642.33349609375,-3586599.75,6142.33349609375,-3587099.75,1441
1442,5642.33349609375,-3587099.75,6142.33349609375,-3587599.75,1442
1443,5642.33349609375,-3587599.75,6142.33349609375,-3588099.75,1443
1444,5642.33349609375,-3588099.75,6142.33349609375,-3588599.75,1444
1445,5642.33349609375,-3588599.75,6142.33349609375,-3589099.75,1445
1453,5642.33349609375,-3592599.75,6142.33349609375,-3593099.75,1453
1454,5642.33349609375,-3593099.75,6142.33349609375,-3593599.75,1454
1479,6142.33349609375,-3556599.75,6642.33349609375,-3557099.75,1479
1480,6142.33349609375,-3557099.75,6642.33349609375,-3557599.75,1480
1487,6142.33349609375,-3560599.75,6642.33349609375,-3561099.75,1487
1490,6142.33349609375,-3562099.75,6642.33349609375,-3562599.75,1490
1491,6142.33349609375,-3562599.75,6642.33349609375,-3563099.75,1491
1494,6142.33349609375,-3564099.75,6642.33349609375,-3564599.75,1494
1499,6142.33349609375,-3566599.75,6642.33349609375,-3567099.75,1499
1502,6142.33349609375,-3568099.75,6642.33349609375,-3568599.75,1502
1503,6142.33349609375,-3568599.75,6642.33349609375,-3569099.75,1503
1505,6142.33349609375,-3569599.75,6642.33349609375,-3570099.75,1505
1508,6142.33349609375,-3571099.75,6642.33349609375,-3571599.75,1508
1510,6142.33349609375,-3572099.75,6642.33349609375,-3572599.75,1510
1512,6142.33349609375,-3573099.75,6642.33349609375,-3573599.75,1512
1515,6142.33349609375,-3574599.75,6642.33349609375,-3575099.75,1515
1519,6142.33349609375,-3576599.75,6642.33349609375,-3577099.75,1519
1520,6142.33349609375,-3577099.75,6642.33349609375,-3577599.75,1520
1522,6142.33349609375,-3578099.75,6642.33349609375,-3578599.75,1522
1525,6142.33349609375,-3579599.75,6642.33349609375,-3580099.75,1525
1527,6142.33349609375,-3580599.75,6642.33349609375,-3581099.75,1527
1530,6142.33349609375,-3582099.75,6642.33349609375,-3582599.75,1530
1535,6142.33349609375,-3584599.75,6642.33349609375,-3585099.75,1535
1537,6142.33349609375,-3585599.75,6642.33349609375,-3586099.75,1537
1542,6142.33349609375,-3588099.75,6642.33349609375,-3588599.75,1542
1547,6142.33349609375,-3590599.75,6642.33349609375,-3591099.75,1547
1548,6142.33349609375,-3591099.75,6642.33349609375,-3591599.75,1548
1553,6142.33349609375,-3593599.75,6642.33349609375,-3594099.75,1553
1579,6642.33349609375,-3557599.75,7142.33349609375,-3558099.75,1579
1580,6642.33349609375,-3558099.75,7142.33349609375,-3558599.75,1580
1581,6642.33349609375,-3558599.75,7142.33349609375,-3559099.75,1581
1582,6642.33349609375,-3559099.75,7142.33349609375,-3559599.75,1582
1585,6642.33349609375,-3560599.75,7142.33349609375,-3561099.75,1585
1587,6642.33349609375,-3561599.75,7142.33349609375,-3562099.75,1587
1589,6642.33349609375,-3562599.75,7142.33349609375,-3563099.75,1589
1591,6642.33349609375,-3563599.75,7142.33349609375,-3564099.75,1591
1595,6642.33349609375,-3565599.75,7142.33349609375,-3566099.75,1595
1600,6642.33349609375,-3568099.75,7142.33349609375,-3568599.75,1600
1601,6642.33349609375,-3568599.75,7142.33349609375,-3569099.75,1601
1602,6642.33349609375,-3569099.75,7142.33349609375,-3569599.75,1602
1604,6642.33349609375,-3570099.75,7142.33349609375,-3570599.75,1604
1606,6642.33349609375,-3571099.75,7142.33349609375,-3571599.75,1606
1608,6642.33349609375,-3572099.75,7142.33349609375,-3572599.75,1608
1614,6642.33349609375,-3575099.75,7142.33349609375,-3575599.75,1614
1615,6642.33349609375,-3575599.75,7142.33349609375,-3576099.75,1615
1616,6642.33349609375,-3576099.75,7142.33349609375,-3576599.75,1616
1620,6642.33349609375,-3578099.75,7142.33349609375,-3578599.75,1620
1622,6642.33349609375,-3579099.75,7142.33349609375,-3579599.75,1622
1623,6642.33349609375,-3579599.75,7142.33349609375,-3580099.75,1623
1624,6642.33349609375,-3580099.75,7142.33349609375,-3580599.75,1624
1627,6642.33349609375,-3581599.75,7142.33349609375,-3582099.75,1627
1630,6642.33349609375,-3583099.75,7142.33349609375,-3583599.75,1630
1631,6642.33349609375,-3583599.75,7142.33349609375,-3584099.75,1631
1635,6642.33349609375,-3585599.75,7142.33349609375,-3586099.75,1635
1636,6642.33349609375,-3586099.75,7142.33349609375,-3586599.75,1636
1637,6642.33349609375,-3586599.75,7142.33349609375,-3587099.75,1637
1638,6642.33349609375,-3587099.75,7142.33349609375,-3587599.75,1638
1641,6642.33349609375,-3588599.75,7142.33349609375,-3589099.75,1641
1642,6642.33349609375,-3589099.75,7142.33349609375,-3589599.75,1642
1644,6642.33349609375,-3590099.75,7142.33349609375,-3590599.75,1644
1645,6642.33349609375,-3590599.75,7142.33349609375,-3591099.75,1645
1653,6642.33349609375,-3594599.75,7142.33349609375,-3595099.75,1653
1654,6642.33349609375,-3595099.75,7142.33349609375,-3595599.75,1654
1656,6642.33349609375,-3596099.75,7142.33349609375,-3596599.75,1656
1678,7142.33349609375,-3558099.75,7642.33349609375,-3558599.75,1678
1679,7142.33349609375,-3558599.75,7642.33349609375,-3559099.75,1679
1682,7142.33349609375,-3560099.75,7642.33349609375,-3560599.75,1682
1685,7142.33349609375,-3561599.75,7642.33349609375,-3562099.75,1685
1686,7142.33349609375,-3562099.75,7642.33349609375,-3562599.75,1686
1689,7142.33349609375,-3563599.75,7642.33349609375,-3564099.75,1689
1692,7142.33349609375,-3565099.75,7642.33349609375,-3565599.75,1692
1696,7142.33349609375,-3567099.75,7642.33349609375,-3567599.75,1696
1699,7142.33349609375,-3568599.75,7642.33349609375,-3569099.75,1699
1706,7142.33349609375,-3572099.75,7642.33349609375,-3572599.75,1706
1708,7142.33349609375,-3573099.75,7642.33349609375,-3573599.75,1708
1709,7142.33349609375,-3573599.75,7642.33349609375,-3574099.75,1709
1713,7142.33349609375,-3575599.75,7642.33349609375,-3576099.75,1713
1719,7142.33349609375,-3578599.75,7642.33349609375,-3579099.75,1719
1720,7142.33349609375,-3579099.75,7642.33349609375,-3579599.75,1720
1722,7142.33349609375,-3580099.75,7642.33349609375,-3580599.75,1722
1724,7142.33349609375,-3581099.75,7642.33349609375,-3581599.75,1724
1725,7142.33349609375,-3581599.75,7642.33349609375,-3582099.75,1725
1726,7142.33349609375,-3582099.75,7642.33349609375,-3582599.75,1726
1729,7142.33349609375,-3583599.75,7642.33349609375,-3584099.75,1729
1731,7142.33349609375,-3584599.75,7642.33349609375,-3585099.75,1731
1733,7142.33349609375,-3585599.75,7642.33349609375,-3586099.75,1733
1738,7142.33349609375,-3588099.75,7642.33349609375,-3588599.75,1738
1739,7142.33349609375,-3588599.75,7642.33349609375,-3589099.75,1739
1746,7142.33349609375,-3592099.75,7642.33349609375,-3592599.75,1746
1753,7142.33349609375,-3595599.75,7642.33349609375,-3596099.75,1753
1776,7642.33349609375,-3558099.75,8142.33349609375,-3558599.75,1776
1777,7642.33349609375,-3558599.75,8142.33349609375,-3559099.75,1777
1779,7642.33349609375,-3559599.75,8142.33349609375,-3560099.75,1779
1781,7642.33349609375,-3560599.75,8142.33349609375,-3561099.75,1781
1782,7642.33349609375,-3561099.75,8142.33349609375,-3561599.75,1782
1785,7642.33349609375,-3562599.75,8142.33349609375,-3563099.75,1785
1786,7642.33349609375,-3563099.75,8142.33349609375,-3563599.75,1786
1787,7642.33349609375,-3563599.75,8142.33349609375,-3564099.75,1787
1788,7642.33349609375,-3564099.75,8142.33349609375,-3564599.75,1788
1789,7642.33349609375,-3564599.75,8142.33349609375,-3565099.75,1789
1794,7642.33349609375,-3567099.75,8142.33349609375,-3567599.75,1794
1797,7642.33349609375,-3568599.75,8142.33349609375,-3569099.75,1797
1799,7642.33349609375,-3569599.75,8142.33349609375,-3570099.75,1799
1802,7642.33349609375,-3571099.75,8142.33349609375,-3571599.75,1802
1803,7642.33349609375,-3571599.75,8142.33349609375,-3572099.75,1803
1804,7642.33349609375,-3572099.75,8142.33349609375,-3572599.75,1804
1807,7642.33349609375,-3573599.75,8142.33349609375,-3574099.75,1807
1811,7642.33349609375,-3575599.75,8142.33349609375,-3576099.75,1811
1812,7642.33349609375,-3576099.75,8142.33349609375,-3576599.75,1812
1813,7642.33349609375,-3576599.75,8142.33349609375,-3577099.75,1813
1816,7642.33349609375,-3578099.75,8142.33349609375,-3578599.75,1816
1817,7642.33349609375,-3578599.75,8142.33349609375,-3579099.75,1817
1822,7642.33349609375,-3581099.75,8142.33349609375,-3581599.75,1822
1823,7642.33349609375,-3581599.75,8142.33349609375,-3582099.75,1823
1824,7642.33349609375,-3582099.75,8142.33349609375,-3582599.75,1824
1825,7642.33349609375,-3582599.75,8142.33349609375,-3583099.75,1825
1829,7642.33349609375,-3584599.75,8142.33349609375,-3585099.75,1829
1835,7642.33349609375,-3587599.75,8142.33349609375,-3588099.75,1835
1836,7642.33349609375,-3588099.75,8142.33349609375,-3588599.75,1836
1837,7642.33349609375,-3588599.75,8142.33349609375,-3589099.75,1837
1839,7642.33349609375,-3589599.75,8142.33349609375,-3590099.75,1839
1841,7642.33349609375,-3590599.75,8142.33349609375,-3591099.75,1841
1842,7642.33349609375,-3591099.75,8142.33349609375,-3591599.75,1842
1852,7642.33349609375,-3596099.75,8142.33349609375,-3596599.75,1852
1855,7642.33349609375,-3597599.75,8142.33349609375,-3598099.75,1855
1857,7642.33349609375,-3598599.75,8142.33349609375,-3599099.75,1857
1876,8142.33349609375,-3559099.75,8642.33349609375,-3559599.75,1876
1880,8142.33349609375,-3561099.75,8642.33349609375,-3561599.75,1880
1881,8142.33349609375,-3561599.75,8642.33349609375,-3562099.75,1881
1882,8142.33349609375,-3562099.75,8642.33349609375,-3562599.75,1882
1883,8142.33349609375,-3562599.75,8642.33349609375,-3563099.75,1883
1884,8142.33349609375,-3563099.75,8642.33349609375,-3563599.75,1884
1885,8142.33349609375,-3563599.75,8642.33349609375,-3564099.75,1885
1886,8142.33349609375,-3564099.75,8642.33349609375,-3564599.75,1886
1892,8142.33349609375,-3567099.75,8642.33349609375,-3567599.75,1892
1899,8142.33349609375,-3570599.75,8642.33349609375,-3571099.75,1899
1900,8142.33349609375,-3571099.75,8642.33349609375,-3571599.75,1900
1902,8142.33349609375,-3572099.75,8642.33349609375,-3572599.75,1902
1903,8142.33349609375,-3572599.75,8642.33349609375,-3573099.75,1903
1904,8142.33349609375,-3573099.75,8642.33349609375,-3573599.75,1904
1905,8142.33349609375,-3573599.75,8642.33349609375,-3574099.75,1905
1907,8142.33349609375,-3574599.75,8642.33349609375,-3575099.75,1907
1908,8142.33349609375,-3575099.75,8642.33349609375,-3575599.75,1908
1913,8142.33349609375,-3577599.75,8642.33349609375,-3578099.75,1913
1916,8142.33349609375,-3579099.75,8642.33349609375,-3579599.75,1916
1924,8142.33349609375,-3583099.75,8642.33349609375,-3583599.75,1924
1928,8142.33349609375,-3585099.75,8642.33349609375,-3585599.75,1928
1934,8142.33349609375,-3588099.75,8642.33349609375,-3588599.75,1934
1935,8142.33349609375,-3588599.75,8642.33349609375,-3589099.75,1935
1936,8142.33349609375,-3589099.75,8642.33349609375,-3589599.75,1936
1937,8142.33349609375,-3589599.75,8642.33349609375,-3590099.75,1937
1938,8142.33349609375,-3590099.75,8642.33349609375,-3590599.75,1938
1940,8142.33349609375,-3591099.75,8642.33349609375,-3591599.75,1940
1944,8142.33349609375,-3593099.75,8642.33349609375,-3593599.75,1944
1950,8142.33349609375,-3596099.75,8642.33349609375,-3596599.75,1950
1952,8142.33349609375,-3597099.75,8642.33349609375,-3597599.75,1952
1954,8142.33349609375,-3598099.75,8642.33349609375,-3598599.75,1954
1975,8642.33349609375,-3559599.75,9142.33349609375,-3560099.75,1975
1982,8642.33349609375,-3563099.75,9142.33349609375,-3563599.75,1982
1983,8642.33349609375,-3563599.75,9142.33349609375,-3564099.75,1983
1985,8642.33349609375,-3564599.75,9142.33349609375,-3565099.75,1985
1990,8642.33349609375,-3567099.75,9142.33349609375,-3567599.75,1990
1991,8642.33349609375,-3567599.75,9142.33349609375,-3568099.75,1991
1994,8642.33349609375,-3569099.75,9142.33349609375,-3569599.75,1994
1995,8642.33349609375,-3569599.75,9142.33349609375,-3570099.75,1995
1996,8642.33349609375,-3570099.75,9142.33349609375,-3570599.75,1996
2000,8642.33349609375,-3572099.75,9142.33349609375,-3572599.75,2000
2001,8642.33349609375,-3572599.75,9142.33349609375,-3573099.75,2001
2002,8642.33349609375,-3573099.75,9142.33349609375,-3573599.75,2002
2003,8642.33349609375,-3573599.75,9142.33349609375,-3574099.75,2003
2004,8642.33349609375,-3574099.75,9142.33349609375,-3574599.75,2004
2005,8642.33349609375,-3574599.75,9142.33349609375,-3575099.75,2005
2006,8642.33349609375,-3575099.75,9142.33349609375,-3575599.75,2006
2007,8642.33349609375,-3575599.75,9142.33349609375,-3576099.75,2007
2013,8642.33349609375,-3578599.75,9142.33349609375,-3579099.75,2013
2018,8642.33349609375,-3581099.75,9142.33349609375,-3581599.75,2018
2023,8642.33349609375,-3583599.75,9142.33349609375,-3584099.75,2023
2024,8642.33349609375,-3584099.75,9142.33349609375,-3584599.75,2024
2025,8642.33349609375,-3584599.75,9142.33349609375,-3585099.75,2025
2026,8642.33349609375,-3585099.75,9142.33349609375,-3585599.75,2026
2027,8642.33349609375,-3585599.75,9142.33349609375,-3586099.75,2027
2029,8642.33349609375,-3586599.75,9142.33349609375,-3587099.75,2029
2031,8642.33349609375,-3587599.75,9142.33349609375,-3588099.75,2031
2032,8642.33349609375,-3588099.75,9142.33349609375,-3588599.75,2032
2034,8642.33349609375,-3589099.75,9142.33349609375,-3589599.75,2034
2035,8642.33349609375,-3589599.75,9142.33349609375,-3590099.75,2035
2038,8642.33349609375,-3591099.75,9142.33349609375,-3591599.75,2038
2040,8642.33349609375,-3592099.75,9142.33349609375,-3592599.75,2040
2041,8642.33349609375,-3592599.75,9142.33349609375,-3593099.75,2041
2044,8642.33349609375,-3594099.75,9142.33349609375,-3594599.75,2044
2045,8642.33349609375,-3594599.75,9142.33349609375,-3595099.75,2045
2050,8642.33349609375,-3597099.75,9142.33349609375,-3597599.75,2050
2051,8642.33349609375,-3597599.75,9142.33349609375,-3598099.75,2051
2052,8642.33349609375,-3598099.75,9142.33349609375,-3598599.75,2052
2054,8642.33349609375,-3599099.75,9142.33349609375,-3599599.75,2054
2073,9142.33349609375,-3559599.75,9642.33349609375,-3560099.75,2073
2075,9142.33349609375,-3560599.75,9642.33349609375,-3561099.75,2075
2078,9142.33349609375,-3562099.75,9642.33349609375,-3562599.75,2078
2079,9142.33349609375,-3562599.75,9642.33349609375,-3563099.75,2079
2080,9142.33349609375,-3563099.75,9642.33349609375,-3563599.75,2080
2082,9142.33349609375,-3564099.75,9642.33349609375,-3564599.75,2082
2083,9142.33349609375,-3564599.75,9642.33349609375,-3565099.75,2083
2086,9142.33349609375,-3566099.75,9642.33349609375,-3566599.75,2086
2091,9142.33349609375,-3568599.75,9642.33349609375,-3569099.75,2091
2096,9142.33349609375,-3571099.75,9642.33349609375,-3571599.75,2096
2098,9142.33349609375,-3572099.75,9642.33349609375,-3572599.75,2098
2099,9142.33349609375,-3572599.75,9642.33349609375,-3573099.75,2099
2103,9142.33349609375,-3574599.75,9642.33349609375,-3575099.75,2103
2104,9142.33349609375,-3575099.75,9642.33349609375,-3575599.75,2104
2106,9142.33349609375,-3576099.75,9642.33349609375,-3576599.75,2106
2107,9142.33349609375,-3576599.75,9642.33349609375,-3577099.75,2107
2112,9142.33349609375,-3579099.75,9642.33349609375,-3579599.75,2112
2116,9142.33349609375,-3581099.75,9642.33349609375,-3581599.75,2116
2121,9142.33349609375,-3583599.75,9642.33349609375,-3584099.75,2121
2122,9142.33349609375,-3584099.75,9642.33349609375,-3584599.75,2122
2125,9142.33349609375,-3585599.75,9642.33349609375,-3586099.75,2125
2128,9142.33349609375,-3587099.75,9642.33349609375,-3587599.75,2128
2129,9142.33349609375,-3587599.75,9642.33349609375,-3588099.75,2129
2132,9142.33349609375,-3589099.75,9642.33349609375,-3589599.75,2132
2134,9142.33349609375,-3590099.75,9642.33349609375,-3590599.75,2134
2138,9142.33349609375,-3592099.75,9642.33349609375,-3592599.75,2138
2139,9142.33349609375,-3592599.75,9642.33349609375,-3593099.75,2139
2140,9142.33349609375,-3593099.75,9642.33349609375,-3593599.75,2140
2142,9142.33349609375,-3594099.75,9642.33349609375,-3594599.75,2142
2144,9142.33349609375,-3595099.75,9642.33349609375,-3595599.75,2144
2145,9142.33349609375,-3595599.75,9642.33349609375,-3596099.75,2145
2147,9142.33349609375,-3596599.75,9642.33349609375,-3597099.75,2147
2150,9142.33349609375,-3598099.75,9642.33349609375,-3598599.75,2150
2151,9142.33349609375,-3598599.75,9642.33349609375,-3599099.75,2151
2153,9142.33349609375,-3599599.75,9642.33349609375,-3600099.75,2153
2172,9642.33349609375,-3560099.75,10142.33349609375,-3560599.75,2172
2174,9642.33349609375,-3561099.75,10142.33349609375,-3561599.75,2174
2177,9642.33349609375,-3562599.75,10142.33349609375,-3563099.75,2177
2178,9642.33349609375,-3563099.75,10142.33349609375,-3563599.75,2178
2179,9642.33349609375,-3563599.75,10142.33349609375,-3564099.75,2179
2180,9642.33349609375,-3564099.75,10142.33349609375,-3564599.75,2180
2182,9642.33349609375,-3565099.75,10142.33349609375,-3565599.75,2182
2183,9642.33349609375,-3565599.75,10142.33349609375,-3566099.75,2183
2184,9642.33349609375,-3566099.75,10142.33349609375,-3566599.75,2184
2186,9642.33349609375,-3567099.75,10142.33349609375,-3567599.75,2186
2187,9642.33349609375,-3567599.75,10142.33349609375,-3568099.75,2187
2193,9642.33349609375,-3570599.75,10142.33349609375,-3571099.75,2193
2195,9642.33349609375,-3571599.75,10142.33349609375,-3572099.75,2195
2202,9642.33349609375,-3575099.75,10142.33349609375,-3575599.75,2202
2205,9642.33349609375,-3576599.75,10142.33349609375,-3577099.75,2205
2206,9642.33349609375,-3577099.75,10142.33349609375,-3577599.75,2206
2207,9642.33349609375,-3577599.75,10142.33349609375,-3578099.75,2207
2208,9642.33349609375,-3578099.75,10142.33349609375,-3578599.75,2208
2209,9642.33349609375,-3578599.75,10142.33349609375,-3579099.75,2209
2211,9642.33349609375,-3579599.75,10142.33349609375,-3580099.75,2211
2212,9642.33349609375,-3580099.75,10142.33349609375,-3580599.75,2212
2213,9642.33349609375,-3580599.75,10142.33349609375,-3581099.75,2213
2214,9642.33349609375,-3581099.75,10142.33349609375,-3581599.75,2214
2216,9642.33349609375,-3582099.75,10142.33349609375,-3582599.75,2216
2218,9642.33349609375,-3583099.75,10142.33349609375,-3583599.75,2218
2219,9642.33349609375,-3583599.75,10142.33349609375,-3584099.75,2219
2220,9642.33349609375,-3584099.75,10142.33349609375,-3584599.75,2220
2221,9642.33349609375,-3584599.75,10142.33349609375,-3585099.75,2221
2222,9642.33349609375,-3585099.75,10142.33349609375,-3585599.75,2222
2223,9642.33349609375,-3585599.75,10142.33349609375,-3586099.75,2223
2227,9642.33349609375,-3587599.75,10142.33349609375,-3588099.75,2227
2229,9642.33349609375,-3588599.75,10142.33349609375,-3589099.75,2229
2230,9642.33349609375,-3589099.75,10142.33349609375,-3589599.75,2230
2231,9642.33349609375,-3589599.75,10142.33349609375,-3590099.75,2231
2234,9642.33349609375,-3591099.75,10142.33349609375,-3591599.75,2234
2236,9642.33349609375,-3592099.75,10142.33349609375,-3592599.75,2236
2237,9642.33349609375,-3592599.75,10142.33349609375,-3593099.75,2237
2238,9642.33349609375,-3593099.75,10142.33349609375,-3593599.75,2238
2242,9642.33349609375,-3595099.75,10142.33349609375,-3595599.75,2242
2244,9642.33349609375,-3596099.75,10142.33349609375,-3596599.75,2244
2246,9642.33349609375,-3597099.75,10142.33349609375,-3597599.75,2246
2248,9642.33349609375,-3598099.75,10142.33349609375,-3598599.75,2248
2249,9642.33349609375,-3598599.75,10142.33349609375,-3599099.75,2249
2251,9642.33349609375,-3599599.75,10142.33349609375,-3600099.75,2251
2252,9642.33349609375,-3600099.75,10142.33349609375,-3600599.75,2252
2275,10142.33349609375,-3562599.75,10642.33349609375,-3563099.75,2275
2276,10142.33349609375,-3563099.75,10642.33349609375,-3563599.75,2276
2277,10142.33349609375,-3563599.75,10642.33349609375,-3564099.75,2277
2280,10142.33349609375,-3565099.75,10642.33349609375,-3565599.75,2280
2282,10142.33349609375,-3566099.75,10642.33349609375,-3566599.75,2282
2286,10142.33349609375,-3568099.75,10642.33349609375,-3568599.75,2286
2289,10142.33349609375,-3569599.75,10642.33349609375,-3570099.75,2289
2292,10142.33349609375,-3571099.75,10642.33349609375,-3571599.75,2292
2295,10142.33349609375,-3572599.75,10642.33349609375,-3573099.75,2295
2297,10142.33349609375,-3573599.75,10642.33349609375,-3574099.75,2297
2298,10142.33349609375,-3574099.75,10642.33349609375,-3574599.75,2298
2299,10142.33349609375,-3574599.75,10642.33349609375,-3575099.75,2299
2302,10142.33349609375,-3576099.75,10642.33349609375,-3576599.75,2302
2317,10142.33349609375,-3583599.75,10642.33349609375,-3584099.75,2317
2318,10142.33349609375,-3584099.75,10642.33349609375,-3584599.75,2318
2321,10142.33349609375,-3585599.75,10642.33349609375,-3586099.75,2321
2323,10142.33349609375,-3586599.75,10642.33349609375,-3587099.75,2323
2325,10142.33349609375,-3587599.75,10642.33349609375,-3588099.75,2325
2326,10142.33349609375,-3588099.75,10642.33349609375,-3588599.75,2326
2327,10142.33349609375,-3588599.75,10642.33349609375,-3589099.75,2327
2328,10142.33349609375,-3589099.75,10642.33349609375,-3589599.75,2328
2329,10142.33349609375,-3589599.75,10642.33349609375,-3590099.75,2329
2333,10142.33349609375,-3591599.75,10642.33349609375,-3592099.75,2333
2335,10142.33349609375,-3592599.75,10642.33349609375,-3593099.75,2335
2339,10142.33349609375,-3594599.75,10642.33349609375,-3595099.75,2339
2342,10142.33349609375,-3596099.75,10642.33349609375,-3596599.75,2342
2345,10142.33349609375,-3597599.75,10642.33349609375,-3598099.75,2345
2347,10142.33349609375,-3598599.75,10642.33349609375,-3599099.75,2347
2348,10142.33349609375,-3599099.75,10642.33349609375,-3599599.75,2348
2350,10142.33349609375,-3600099.75,10642.33349609375,-3600599.75,2350
2373,10642.33349609375,-3562599.75,11142.33349609375,-3563099.75,2373
2374,10642.33349609375,-3563099.75,11142.33349609375,-3563599.75,2374
2380,10642.33349609375,-3566099.75,11142.33349609375,-3566599.75,2380
2381,10642.33349609375,-3566599.75,11142.33349609375,-3567099.75,2381
2382,10642.33349609375,-3567099.75,11142.33349609375,-3567599.75,2382
2384,10642.33349609375,-3568099.75,11142.33349609375,-3568599.75,2384
2388,10642.33349609375,-3570099.75,11142.33349609375,-3570599.75,2388
2390,10642.33349609375,-3571099.75,11142.33349609375,-3571599.75,2390
2391,10642.33349609375,-3571599.75,11142.33349609375,-3572099.75,2391
2396,10642.33349609375,-3574099.75,11142.33349609375,-3574599.75,2396
2399,10642.33349609375,-3575599.75,11142.33349609375,-3576099.75,2399
2401,10642.33349609375,-3576599.75,11142.33349609375,-3577099.75,2401
2402,10642.33349609375,-3577099.75,11142.33349609375,-3577599.75,2402
2403,10642.33349609375,-3577599.75,11142.33349609375,-3578099.75,2403
2404,10642.33349609375,-3578099.75,11142.33349609375,-3578599.75,2404
2408,10642.33349609375,-3580099.75,11142.33349609375,-3580599.75,2408
2415,10642.33349609375,-3583599.75,11142.33349609375,-3584099.75,2415
2416,10642.33349609375,-3584099.75,11142.33349609375,-3584599.75,2416
2417,10642.33349609375,-3584599.75,11142.33349609375,-3585099.75,2417
2419,10642.33349609375,-3585599.75,11142.33349609375,-3586099.75,2419
2422,10642.33349609375,-3587099.75,11142.33349609375,-3587599.75,2422
2423,10642.33349609375,-3587599.75,11142.33349609375,-3588099.75,2423
2425,10642.33349609375,-3588599.75,11142.33349609375,-3589099.75,2425
2427,10642.33349609375,-3589599.75,11142.33349609375,-3590099.75,2427
2430,10642.33349609375,-3591099.75,11142.33349609375,-3591599.75,2430
2435,10642.33349609375,-3593599.75,11142.33349609375,-3594099.75,2435
2436,10642.33349609375,-3594099.75,11142.33349609375,-3594599.75,2436
2439,10642.33349609375,-3595599.75,11142.33349609375,-3596099.75,2439
2440,10642.33349609375,-3596099.75,11142.33349609375,-3596599.75,2440
2444,10642.33349609375,-3598099.75,11142.33349609375,-3598599.75,2444
2471,11142.33349609375,-3562599.75,11642.33349609375,-3563099.75,2471
2473,11142.33349609375,-3563599.75,11642.33349609375,-3564099.75,2473
2475,11142.33349609375,-3564599.75,11642.33349609375,-3565099.75,2475
2476,11142.33349609375,-3565099.75,11642.33349609375,-3565599.75,2476
2482,11142.33349609375,-3568099.75,11642.33349609375,-3568599.75,2482
2485,11142.33349609375,-3569599.75,11642.33349609375,-3570099.75,2485
2486,11142.33349609375,-3570099.75,11642.33349609375,-3570599.75,2486
2487,11142.33349609375,-3570599.75,11642.33349609375,-3571099.75,2487
2490,11142.33349609375,-3572099.75,11642.33349609375,-3572599.75,2490
2494,11142.33349609375,-3574099.75,11642.33349609375,-3574599.75,2494
2496,11142.33349609375,-3575099.75,11642.33349609375,-3575599.75,2496
2499,11142.33349609375,-3576599.75,11642.33349609375,-3577099.75,2499
2502,11142.33349609375,-3578099.75,11642.33349609375,-3578599.75,2502
2511,11142.33349609375,-3582599.75,11642.33349609375,-3583099.75,2511
2512,11142.33349609375,-3583099.75,11642.33349609375,-3583599.75,2512
2513,11142.33349609375,-3583599.75,11642.33349609375,-3584099.75,2513
2515,11142.33349609375,-3584599.75,11642.33349609375,-3585099.75,2515
2517,11142.33349609375,-3585599.75,11642.33349609375,-3586099.75,2517
2518,11142.33349609375,-3586099.75,11642.33349609375,-3586599.75,2518
2519,11142.33349609375,-3586599.75,11642.33349609375,-3587099.75,2519
2522,11142.33349609375,-3588099.75,11642.33349609375,-3588599.75,2522
2524,11142.33349609375,-3589099.75,11642.33349609375,-3589599.75,2524
2525,11142.33349609375,-3589599.75,11642.33349609375,-3590099.75,2525
2528,11142.33349609375,-3591099.75,11642.33349609375,-3591599.75,2528
2529,11142.33349609375,-3591599.75,11642.33349609375,-3592099.75,2529
2532,11142.33349609375,-3593099.75,11642.33349609375,-3593599.75,2532
2534,11142.33349609375,-3594099.75,11642.33349609375,-3594599.75,2534
2536,11142.33349609375,-3595099.75,11642.33349609375,-3595599.75,2536
2538,11142.33349609375,-3596099.75,11642.33349609375,-3596599.75,2538
2540,11142.33349609375,-3597099.75,11642.33349609375,-3597599.75,2540
2541,11142.33349609375,-3597599.75,11642.33349609375,-3598099.75,2541
2542,11142.33349609375,-3598099.75,11642.33349609375,-3598599.75,2542
2543,11142.33349609375,-3598599.75,11642.33349609375,-3599099.75,2543
2547,11142.33349609375,-3600599.75,11642.33349609375,-3601099.75,2547
2573,11642.33349609375,-3564599.75,12142.33349609375,-3565099.75,2573
2574,11642.33349609375,-3565099.75,12142.33349609375,-3565599.75,2574
2580,11642.33349609375,-3568099.75,12142.33349609375,-3568599.75,2580
2581,11642.33349609375,-3568599.75,12142.33349609375,-3569099.75,2581
2582,11642.33349609375,-3569099.75,12142.33349609375,-3569599.75,2582
2583,11642.33349609375,-3569599.75,12142.33349609375,-3570099.75,2583
2586,11642.33349609375,-3571099.75,12142.33349609375,-3571599.75,2586
2587,11642.33349609375,-3571599.75,12142.33349609375,-3572099.75,2587
2588,11642.33349609375,-3572099.75,12142.33349609375,-3572599.75,2588
2590,11642.33349609375,-3573099.75,12142.33349609375,-3573599.75,2590
2591,11642.33349609375,-3573599.75,12142.33349609375,-3574099.75,2591
2593,11642.33349609375,-3574599.75,12142.33349609375,-3575099.75,2593
2595,11642.33349609375,-3575599.75,12142.33349609375,-3576099.75,2595
2600,11642.33349609375,-3578099.75,12142.33349609375,-3578599.75,2600
2601,11642.33349609375,-3578599.75,12142.33349609375,-3579099.75,2601
2602,11642.33349609375,-3579099.75,12142.33349609375,-3579599.75,2602
2604,11642.33349609375,-3580099.75,12142.33349609375,-3580599.75,2604
2605,11642.33349609375,-3580599.75,12142.33349609375,-3581099.75,2605
2610,11642.33349609375,-3583099.75,12142.33349609375,-3583599.75,2610
2615,11642.33349609375,-3585599.75,12142.33349609375,-3586099.75,2615
2617,11642.33349609375,-3586599.75,12142.33349609375,-3587099.75,2617
2627,11642.33349609375,-3591599.75,12142.33349609375,-3592099.75,2627
2628,11642.33349609375,-3592099.75,12142.33349609375,-3592599.75,2628
2629,11642.33349609375,-3592599.75,12142.33349609375,-3593099.75,2629
2630,11642.33349609375,-3593099.75,12142.33349609375,-3593599.75,2630
2634,11642.33349609375,-3595099.75,12142.33349609375,-3595599.75,2634
2637,11642.33349609375,-3596599.75,12142.33349609375,-3597099.75,2637
2639,11642.33349609375,-3597599.75,12142.33349609375,-3598099.75,2639
2640,11642.33349609375,-3598099.75,12142.33349609375,-3598599.75,2640
2643,11642.33349609375,-3599599.75,12142.33349609375,-3600099.75,2643
2645,11642.33349609375,-3600599.75,12142.33349609375,-3601099.75,2645
2670,12142.33349609375,-3564099.75,12642.33349609375,-3564599.75,2670
2673,12142.33349609375,-3565599.75,12642.33349609375,-3566099.75,2673
2674,12142.33349609375,-3566099.75,12642.33349609375,-3566599.75,2674
2677,12142.33349609375,-3567599.75,12642.33349609375,-3568099.75,2677
2682,12142.33349609375,-3570099.75,12642.33349609375,-3570599.75,2682
2683,12142.33349609375,-3570599.75,12642.33349609375,-3571099.75,2683
2685,12142.33349609375,-3571599.75,12642.33349609375,-3572099.75,2685
2687,12142.33349609375,-3572599.75,12642.33349609375,-3573099.75,2687
2688,12142.33349609375,-3573099.75,12642.33349609375,-3573599.75,2688
2691,12142.33349609375,-3574599.75,12642.33349609375,-3575099.75,2691
2693,12142.33349609375,-3575599.75,12642.33349609375,-3576099.75,2693
2695,12142.33349609375,-3576599.75,12642.33349609375,-3577099.75,2695
2696,12142.33349609375,-3577099.75,12642.33349609375,-3577599.75,2696
2697,12142.33349609375,-3577599.75,12642.33349609375,-3578099.75,2697
2698,12142.33349609375,-3578099.75,12642.33349609375,-3578599.75,2698
2703,12142.33349609375,-3580599.75,12642.33349609375,-3581099.75,2703
2705,12142.33349609375,-3581599.75,12642.33349609375,-3582099.75,2705
2707,12142.33349609375,-3582599.75,12642.33349609375,-3583099.75,2707
2708,12142.33349609375,-3583099.75,12642.33349609375,-3583599.75,2708
2713,12142.33349609375,-3585599.75,12642.33349609375,-3586099.75,2713
2714,12142.33349609375,-3586099.75,12642.33349609375,-3586599.75,2714
2720,12142.33349609375,-3589099.75,12642.33349609375,-3589599.75,2720
2721,12142.33349609375,-3589599.75,12642.33349609375,-3590099.75,2721
2726,12142.33349609375,-3592099.75,12642.33349609375,-3592599.75,2726
2731,12142.33349609375,-3594599.75,12642.33349609375,-3595099.75,2731
2732,12142.33349609375,-3595099.75,12642.33349609375,-3595599.75,2732
2734,12142.33349609375,-3596099.75,12642.33349609375,-3596599.75,2734
2736,12142.33349609375,-3597099.75,12642.33349609375,-3597599.75,2736
2739,12142.33349609375,-3598599.75,12642.33349609375,-3599099.75,2739
2741,12142.33349609375,-3599599.75,12642.33349609375,-3600099.75,2741
2743,12142.33349609375,-3600599.75,12642.33349609375,-3601099.75,2743
2772,12642.33349609375,-3566099.75,13142.33349609375,-3566599.75,2772
2774,12642.33349609375,-3567099.75,13142.33349609375,-3567599.75,2774
2776,12642.33349609375,-3568099.75,13142.33349609375,-3568599.75,2776
2785,12642.33349609375,-3572599.75,13142.33349609375,-3573099.75,2785
2787,12642.33349609375,-3573599.75,13142.33349609375,-3574099.75,2787
2788,12642.33349609375,-3574099.75,13142.33349609375,-3574599.75,2788
2789,12642.33349609375,-3574599.75,13142.33349609375,-3575099.75,2789
2790,12642.33349609375,-3575099.75,13142.33349609375,-3575599.75,2790
2791,12642.33349609375,-3575599.75,13142.33349609375,-3576099.75,2791
2793,12642.33349609375,-3576599.75,13142.33349609375,-3577099.75,2793
2794,12642.33349609375,-3577099.75,13142.33349609375,-3577599.75,2794
2800,12642.33349609375,-3580099.75,13142.33349609375,-3580599.75,2800
2801,12642.33349609375,-3580599.75,13142.33349609375,-3581099.75,2801
2804,12642.33349609375,-3582099.75,13142.33349609375,-3582599.75,2804
2807,12642.33349609375,-3583599.75,13142.33349609375,-3584099.75,2807
2808,12642.33349609375,-3584099.75,13142.33349609375,-3584599.75,2808
2809,12642.33349609375,-3584599.75,13142.33349609375,-3585099.75,2809
2810,12642.33349609375,-3585099.75,13142.33349609375,-3585599.75,2810
2812,12642.33349609375,-3586099.75,13142.33349609375,-3586599.75,2812
2815,12642.33349609375,-3587599.75,13142.33349609375,-3588099.75,2815
2820,12642.33349609375,-3590099.75,13142.33349609375,-3590599.75,2820
2821,12642.33349609375,-3590599.75,13142.33349609375,-3591099.75,2821
2823,12642.33349609375,-3591599.75,13142.33349609375,-3592099.75,2823
2824,12642.33349609375,-3592099.75,13142.33349609375,-3592599.75,2824
2827,12642.33349609375,-3593599.75,13142.33349609375,-3594099.75,2827
2828,12642.33349609375,-3594099.75,13142.33349609375,-3594599.75,2828
2831,12642.33349609375,-3595599.75,13142.33349609375,-3596099.75,2831
2832,12642.33349609375,-3596099.75,13142.33349609375,-3596599.75,2832
2839,12642.33349609375,-3599599.75,13142.33349609375,-3600099.75,2839
2842,12642.33349609375,-3601099.75,13142.33349609375,-3601599.75,2842
2870,13142.33349609375,-3566099.75,13642.33349609375,-3566599.75,2870
2871,13142.33349609375,-3566599.75,13642.33349609375,-3567099.75,2871
2873,13142.33349609375,-3567599.75,13642.33349609375,-3568099.75,2873
2874,13142.33349609375,-3568099.75,13642.33349609375,-3568599.75,2874
2875,13142.33349609375,-3568599.75,13642.33349609375,-3569099.75,2875
2885,13142.33349609375,-3573599.75,13642.33349609375,-3574099.75,2885
2887,13142.33349609375,-3574599.75,13642.33349609375,-3575099.75,2887
2892,13142.33349609375,-3577099.75,13642.33349609375,-3577599.75,2892
2893,13142.33349609375,-3577599.75,13642.33349609375,-3578099.75,2893
2895,13142.33349609375,-3578599.75,13642.33349609375,-3579099.75,2895
2898,13142.33349609375,-3580099.75,13642.33349609375,-3580599.75,2898
2899,13142.33349609375,-3580599.75,13642.33349609375,-3581099.75,2899
2900,13142.33349609375,-3581099.75,13642.33349609375,-3581599.75,2900
2901,13142.33349609375,-3581599.75,13642.33349609375,-3582099.75,2901
2904,13142.33349609375,-3583099.75,13642.33349609375,-3583599.75,2904
2907,13142.33349609375,-3584599.75,13642.33349609375,-3585099.75,2907
2908,13142.33349609375,-3585099.75,13642.33349609375,-3585599.75,2908
2911,13142.33349609375,-3586599.75,13642.33349609375,-3587099.75,2911
2912,13142.33349609375,-3587099.75,13642.33349609375,-3587599.75,2912
2914,13142.33349609375,-3588099.75,13642.33349609375,-3588599.75,2914
2918,13142.33349609375,-3590099.75,13642.33349609375,-3590599.75,2918
2922,13142.33349609375,-3592099.75,13642.33349609375,-3592599.75,2922
2923,13142.33349609375,-3592599.75,13642.33349609375,-3593099.75,2923
2924,13142.33349609375,-3593099.75,13642.33349609375,-3593599.75,2924
2926,13142.33349609375,-3594099.75,13642.33349609375,-3594599.75,2926
2932,13142.33349609375,-3597099.75,13642.33349609375,-3597599.75,2932
2970,13642.33349609375,-3567099.75,14142.33349609375,-3567599.75,2970
2971,13642.33349609375,-3567599.75,14142.33349609375,-3568099.75,2971
2974,13642.33349609375,-3569099.75,14142.33349609375,-3569599.75,2974
2977,13642.33349609375,-3570599.75,14142.33349609375,-3571099.75,2977
2981,13642.33349609375,-3572599.75,14142.33349609375,-3573099.75,2981
2983,13642.33349609375,-3573599.75,14142.33349609375,-3574099.75,2983
2984,13642.33349609375,-3574099.75,14142.33349609375,-3574599.75,2984
2992,13642.33349609375,-3578099.75,14142.33349609375,-3578599.75,2992
2994,13642.33349609375,-3579099.75,14142.33349609375,-3579599.75,2994
2996,13642.33349609375,-3580099.75,14142.33349609375,-3580599.75,2996
2999,13642.33349609375,-3581599.75,14142.33349609375,-3582099.75,2999
3000,13642.33349609375,-3582099.75,14142.33349609375,-3582599.75,3000
3006,13642.33349609375,-3585099.75,14142.33349609375,-3585599.75,3006
3007,13642.33349609375,-3585599.75,14142.33349609375,-3586099.75,3007
3009,13642.33349609375,-3586599.75,14142.33349609375,-3587099.75,3009
3016,13642.33349609375,-3590099.75,14142.33349609375,-3590599.75,3016
3027,13642.33349609375,-3595599.75,14142.33349609375,-3596099.75,3027
3029,13642.33349609375,-3596599.75,14142.33349609375,-3597099.75,3029
3031,13642.33349609375,-3597599.75,14142.33349609375,-3598099.75,3031
3032,13642.33349609375,-3598099.75,14142.33349609375,-3598599.75,3032
3033,13642.33349609375,-3598599.75,14142.33349609375,-3599099.75,3033
3071,14142.33349609375,-3568599.75,14642.33349609375,-3569099.75,3071
3073,14142.33349609375,-3569599.75,14642.33349609375,-3570099.75,3073
3074,14142.33349609375,-3570099.75,14642.33349609375,-3570599.75,3074
3077,14142.33349609375,-3571599.75,14642.33349609375,-3572099.75,3077
3078,14142.33349609375,-3572099.75,14642.33349609375,-3572599.75,3078
3085,14142.33349609375,-3575599.75,14642.33349609375,-3576099.75,3085
3088,14142.33349609375,-3577099.75,14642.33349609375,-3577599.75,3088
3089,14142.33349609375,-3577599.75,14642.33349609375,-3578099.75,3089
3093,14142.33349609375,-3579599.75,14642.33349609375,-3580099.75,3093
3100,14142.33349609375,-3583099.75,14642.33349609375,-3583599.75,3100
3101,14142.33349609375,-3583599.75,14642.33349609375,-3584099.75,3101
3102,14142.33349609375,-3584099.75,14642.33349609375,-3584599.75,3102
3104,14142.33349609375,-3585099.75,14642.33349609375,-3585599.75,3104
3106,14142.33349609375,-3586099.75,14642.33349609375,-3586599.75,3106
3107,14142.33349609375,-3586599.75,14642.33349609375,-3587099.75,3107
3108,14142.33349609375,-3587099.75,14642.33349609375,-3587599.75,3108
3109,14142.33349609375,-3587599.75,14642.33349609375,-3588099.75,3109
3112,14142.33349609375,-3589099.75,14642.33349609375,-3589599.75,3112
3113,14142.33349609375,-3589599.75,14642.33349609375,-3590099.75,3113
3117,14142.33349609375,-3591599.75,14642.33349609375,-3592099.75,3117
3119,14142.33349609375,-3592599.75,14642.33349609375,-3593099.75,3119
3120,14142.33349609375,-3593099.75,14642.33349609375,-3593599.75,3120
3124,14142.33349609375,-3595099.75,14642.33349609375,-3595599.75,3124
3125,14142.33349609375,-3595599.75,14642.33349609375,-3596099.75,3125
3127,14142.33349609375,-3596599.75,14642.33349609375,-3597099.75,3127
3129,14142.33349609375,-3597599.75,14642.33349609375,-3598099.75,3129
3132,14142.33349609375,-3599099.75,14642.33349609375,-3599599.75,3132
3134,14142.33349609375,-3600099.75,14642.33349609375,-3600599.75,3134
3172,14642.33349609375,-3570099.75,15142.33349609375,-3570599.75,3172
3173,14642.33349609375,-3570599.75,15142.33349609375,-3571099.75,3173
3175,14642.33349609375,-3571599.75,15142.33349609375,-3572099.75,3175
3182,14642.33349609375,-3575099.75,15142.33349609375,-3575599.75,3182
3188,14642.33349609375,-3578099.75,15142.33349609375,-3578599.75,3188
3189,14642.33349609375,-3578599.75,15142.33349609375,-3579099.75,3189
3192,14642.33349609375,-3580099.75,15142.33349609375,-3580599.75,3192
3198,14642.33349609375,-3583099.75,15142.33349609375,-3583599.75,3198
3203,14642.33349609375,-3585599.75,15142.33349609375,-3586099.75,3203
3210,14642.33349609375,-3589099.75,15142.33349609375,-3589599.75,3210
3211,14642.33349609375,-3589599.75,15142.33349609375,-3590099.75,3211
3213,14642.33349609375,-3590599.75,15142.33349609375,-3591099.75,3213
3214,14642.33349609375,-3591099.75,15142.33349609375,-3591599.75,3214
3215,14642.33349609375,-3591599.75,15142.33349609375,-3592099.75,3215
3219,14642.33349609375,-3593599.75,15142.33349609375,-3594099.75,3219
3220,14642.33349609375,-3594099.75,15142.33349609375,-3594599.75,3220
3223,14642.33349609375,-3595599.75,15142.33349609375,-3596099.75,3223
3226,14642.33349609375,-3597099.75,15142.33349609375,-3597599.75,3226
3228,14642.33349609375,-3598099.75,15142.33349609375,-3598599.75,3228
3231,14642.33349609375,-3599599.75,15142.33349609375,-3600099.75,3231
3273,15142.33349609375,-3571599.75,15642.33349609375,-3572099.75,3273
3274,15142.33349609375,-3572099.75,15642.33349609375,-3572599.75,3274
3277,15142.33349609375,-3573599.75,15642.33349609375,-3574099.75,3277
3278,15142.33349609375,-3574099.75,15642.33349609375,-3574599.75,3278
3279,15142.33349609375,-3574599.75,15642.33349609375,-3575099.75,3279
3281,15142.33349609375,-3575599.75,15642.33349609375,-3576099.75,3281
3285,15142.33349609375,-3577599.75,15642.33349609375,-3578099.75,3285
3290,15142.33349609375,-3580099.75,15642.33349609375,-3580599.75,3290
3291,15142.33349609375,-3580599.75,15642.33349609375,-3581099.75,3291
3292,15142.33349609375,-3581099.75,15642.33349609375,-3581599.75,3292
3297,15142.33349609375,-3583599.75,15642.33349609375,-3584099.75,3297
3301,15142.33349609375,-3585599.75,15642.33349609375,-3586099.75,3301
3302,15142.33349609375,-3586099.75,15642.33349609375,-3586599.75,3302
3305,15142.33349609375,-3587599.75,15642.33349609375,-3588099.75,3305
3306,15142.33349609375,-3588099.75,15642.33349609375,-3588599.75,3306
3307,15142.33349609375,-3588599.75,15642.33349609375,-3589099.75,3307
3308,15142.33349609375,-3589099.75,15642.33349609375,-3589599.75,3308
3309,15142.33349609375,-3589599.75,15642.33349609375,-3590099.75,3309
3310,15142.33349609375,-3590099.75,15642.33349609375,-3590599.75,3310
3312,15142.33349609375,-3591099.75,15642.33349609375,-3591599.75,3312
3313,15142.33349609375,-3591599.75,15642.33349609375,-3592099.75,3313
3314,15142.33349609375,-3592099.75,15642.33349609375,-3592599.75,3314
3315,15142.33349609375,-3592599.75,15642.33349609375,-3593099.75,3315
3317,15142.33349609375,-3593599.75,15642.33349609375,-3594099.75,3317
3319,15142.33349609375,-3594599.75,15642.33349609375,-3595099.75,3319
3320,15142.33349609375,-3595099.75,15642.33349609375,-3595599.75,3320
3323,15142.33349609375,-3596599.75,15642.33349609375,-3597099.75,3323
3324,15142.33349609375,-3597099.75,15642.33349609375,-3597599.75,3324
3326,15142.33349609375,-3598099.75,15642.33349609375,-3598599.75,3326
3328,15142.33349609375,-3599099.75,15642.33349609375,-3599599.75,3328
3370,15642.33349609375,-3571099.75,16142.33349609375,-3571599.75,3370
3371,15642.33349609375,-3571599.75,16142.33349609375,-3572099.75,3371
3373,15642.33349609375,-3572599.75,16142.33349609375,-3573099.75,3373
3374,15642.33349609375,-3573099.75,16142.33349609375,-3573599.75,3374
3376,15642.33349609375,-3574099.75,16142.33349609375,-3574599.75,3376
3377,15642.33349609375,-3574599.75,16142.33349609375,-3575099.75,3377
3380,15642.33349609375,-3576099.75,16142.33349609375,-3576599.75,3380
3382,15642.33349609375,-3577099.75,16142.33349609375,-3577599.75,3382
3384,15642.33349609375,-3578099.75,16142.33349609375,-3578599.75,3384
3385,15642.33349609375,-3578599.75,16142.33349609375,-3579099.75,3385
3389,15642.33349609375,-3580599.75,16142.33349609375,-3581099.75,3389
3392,15642.33349609375,-3582099.75,16142.33349609375,-3582599.75,3392
3395,15642.33349609375,-3583599.75,16142.33349609375,-3584099.75,3395
3398,15642.33349609375,-3585099.75,16142.33349609375,-3585599.75,3398
3400,15642.33349609375,-3586099.75,16142.33349609375,-3586599.75,3400
3401,15642.33349609375,-3586599.75,16142.33349609375,-3587099.75,3401
3407,15642.33349609375,-3589599.75,16142.33349609375,-3590099.75,3407
3411,15642.33349609375,-3591599.75,16142.33349609375,-3592099.75,3411
3414,15642.33349609375,-3593099.75,16142.33349609375,-3593599.75,3414
3416,15642.33349609375,-3594099.75,16142.33349609375,-3594599.75,3416
3419,15642.33349609375,-3595599.75,16142.33349609375,-3596099.75,3419
3422,15642.33349609375,-3597099.75,16142.33349609375,-3597599.75,3422
3423,15642.33349609375,-3597599.75,16142.33349609375,-3598099.75,3423
3424,15642.33349609375,-3598099.75,16142.33349609375,-3598599.75,3424
3469,16142.33349609375,-3571599.75,16642.33349609375,-3572099.75,3469
3470,16142.33349609375,-3572099.75,16642.33349609375,-3572599.75,3470
3472,16142.33349609375,-3573099.75,16642.33349609375,-3573599.75,3472
3473,16142.33349609375,-3573599.75,16642.33349609375,-3574099.75,3473
3475,16142.33349609375,-3574599.75,16642.33349609375,-3575099.75,3475
3476,16142.33349609375,-3575099.75,16642.33349609375,-3575599.75,3476
3477,16142.33349609375,-3575599.75,16642.33349609375,-3576099.75,3477
3487,16142.33349609375,-3580599.75,16642.33349609375,-3581099.75,3487
3489,16142.33349609375,-3581599.75,16642.33349609375,-3582099.75,3489
3490,16142.33349609375,-3582099.75,16642.33349609375,-3582599.75,3490
3492,16142.33349609375,-3583099.75,16642.33349609375,-3583599.75,3492
3493,16142.33349609375,-3583599.75,16642.33349609375,-3584099.75,3493
3495,16142.33349609375,-3584599.75,16642.33349609375,-3585099.75,3495
3498,16142.33349609375,-3586099.75,16642.33349609375,-3586599.75,3498
3499,16142.33349609375,-3586599.75,16642.33349609375,-3587099.75,3499
3501,16142.33349609375,-3587599.75,16642.33349609375,-3588099.75,3501
3505,16142.33349609375,-3589599.75,16642.33349609375,-3590099.75,3505
3507,16142.33349609375,-3590599.75,16642.33349609375,-3591099.75,3507
3508,16142.33349609375,-3591099.75,16642.33349609375,-3591599.75,3508
3516,16142.33349609375,-3595099.75,16642.33349609375,-3595599.75,3516
3520,16142.33349609375,-3597099.75,16642.33349609375,-3597599.75,3520
3569,16642.33349609375,-3572599.75,17142.33349609375,-3573099.75,3569
3570,16642.33349609375,-3573099.75,17142.33349609375,-3573599.75,3570
3572,16642.33349609375,-3574099.75,17142.33349609375,-3574599.75,3572
3573,16642.33349609375,-3574599.75,17142.33349609375,-3575099.75,3573
3575,16642.33349609375,-3575599.75,17142.33349609375,-3576099.75,3575
3586,16642.33349609375,-3581099.75,17142.33349609375,-3581599.75,3586
3590,16642.33349609375,-3583099.75,17142.33349609375,-3583599.75,3590
3592,16642.33349609375,-3584099.75,17142.33349609375,-3584599.75,3592
3594,16642.33349609375,-3585099.75,17142.33349609375,-3585599.75,3594
3595,16642.33349609375,-3585599.75,17142.33349609375,-3586099.75,3595
3596,16642.33349609375,-3586099.75,17142.33349609375,-3586599.75,3596
3598,16642.33349609375,-3587099.75,17142.33349609375,-3587599.75,3598
3601,16642.33349609375,-3588599.75,17142.33349609375,-3589099.75,3601
3606,16642.33349609375,-3591099.75,17142.33349609375,-3591599.75,3606
3613,16642.33349609375,-3594599.75,17142.33349609375,-3595099.75,3613
3615,16642.33349609375,-3595599.75,17142.33349609375,-3596099.75,3615
3619,16642.33349609375,-3597599.75,17142.33349609375,-3598099.75,3619
3620,16642.33349609375,-3598099.75,17142.33349609375,-3598599.75,3620
3621,16642.33349609375,-3598599.75,17142.33349609375,-3599099.75,3621
3670,17142.33349609375,-3574099.75,17642.33349609375,-3574599.75,3670
3677,17142.33349609375,-3577599.75,17642.33349609375,-3578099.75,3677
3679,17142.33349609375,-3578599.75,17642.33349609375,-3579099.75,3679
3681,17142.33349609375,-3579599.75,17642.33349609375,-3580099.75,3681
3683,17142.33349609375,-3580599.75,17642.33349609375,-3581099.75,3683
3687,17142.33349609375,-3582599.75,17642.33349609375,-3583099.75,3687
3688,17142.33349609375,-3583099.75,17642.33349609375,-3583599.75,3688
3692,17142.33349609375,-3585099.75,17642.33349609375,-3585599.75,3692
3694,17142.33349609375,-3586099.75,17642.33349609375,-3586599.75,3694
3695,17142.33349609375,-3586599.75,17642.33349609375,-3587099.75,3695
3696,17142.33349609375,-3587099.75,17642.33349609375,-3587599.75,3696
3697,17142.33349609375,-3587599.75,17642.33349609375,-3588099.75,3697
3699,17142.33349609375,-3588599.75,17642.33349609375,-3589099.75,3699
3700,17142.33349609375,-3589099.75,17642.33349609375,-3589599.75,3700
3703,17142.33349609375,-3590599.75,17642.33349609375,-3591099.75,3703
3710,17142.33349609375,-3594099.75,17642.33349609375,-3594599.75,3710
3712,17142.33349609375,-3595099.75,17642.33349609375,-3595599.75,3712
3716,17142.33349609375,-3597099.75,17642.33349609375,-3597599.75,3716
3717,17142.33349609375,-3597599.75,17642.33349609375,-3598099.75,3717
3774,17642.33349609375,-3577099.75,18142.33349609375,-3577599.75,3774
3775,17642.33349609375,-3577599.75,18142.33349609375,-3578099.75,3775
3776,17642.33349609375,-3578099.75,18142.33349609375,-3578599.75,3776
3777,17642.33349609375,-3578599.75,18142.33349609375,-3579099.75,3777
3778,17642.33349609375,-3579099.75,18142.33349609375,-3579599.75,3778
3782,17642.33349609375,-3581099.75,18142.33349609375,-3581599.75,3782
3784,17642.33349609375,-3582099.75,18142.33349609375,-3582599.75,3784
3789,17642.33349609375,-3584599.75,18142.33349609375,-3585099.75,3789
3791,17642.33349609375,-3585599.75,18142.33349609375,-3586099.75,3791
3792,17642.33349609375,-3586099.75,18142.33349609375,-3586599.75,3792
3796,17642.33349609375,-3588099.75,18142.33349609375,-3588599.75,3796
3800,17642.33349609375,-3590099.75,18142.33349609375,-3590599.75,3800
3802,17642.33349609375,-3591099.75,18142.33349609375,-3591599.75,3802
3804,17642.33349609375,-3592099.75,18142.33349609375,-3592599.75,3804
3805,17642.33349609375,-3592599.75,18142.33349609375,-3593099.75,3805
3808,17642.33349609375,-3594099.75,18142.33349609375,-3594599.75,3808
3810,17642.33349609375,-3595099.75,18142.33349609375,-3595599.75,3810
3811,17642.33349609375,-3595599.75,18142.33349609375,-3596099.75,3811
3813,17642.33349609375,-3596599.75,18142.33349609375,-3597099.75,3813
3815,17642.33349609375,-3597599.75,18142.33349609375,-3598099.75,3815
3871,18142.33349609375,-3576599.75,18642.33349609375,-3577099.75,3871
3873,18142.33349609375,-3577599.75,18642.33349609375,-3578099.75,3873
3874,18142.33349609375,-3578099.75,18642.33349609375,-3578599.75,3874
3875,18142.33349609375,-3578599.75,18642.33349609375,-3579099.75,3875
3877,18142.33349609375,-3579599.75,18642.33349609375,-3580099.75,3877
3885,18142.33349609375,-3583599.75,18642.33349609375,-3584099.75,3885
3892,18142.33349609375,-3587099.75,18642.33349609375,-3587599.75,3892
3894,18142.33349609375,-3588099.75,18642.33349609375,-3588599.75,3894
3896,18142.33349609375,-3589099.75,18642.33349609375,-3589599.75,3896
3897,18142.33349609375,-3589599.75,18642.33349609375,-3590099.75,3897
3900,18142.33349609375,-3591099.75,18642.33349609375,-3591599.75,3900
3903,18142.33349609375,-3592599.75,18642.33349609375,-3593099.75,3903
3904,18142.33349609375,-3593099.75,18642.33349609375,-3593599.75,3904
3911,18142.33349609375,-3596599.75,18642.33349609375,-3597099.75,3911
3912,18142.33349609375,-3597099.75,18642.33349609375,-3597599.75,3912
3970,18642.33349609375,-3577099.75,19142.33349609375,-3577599.75,3970
3972,18642.33349609375,-3578099.75,19142.33349609375,-3578599.75,3972
3977,18642.33349609375,-3580599.75,19142.33349609375,-3581099.75,3977
3978,18642.33349609375,-3581099.75,19142.33349609375,-3581599.75,3978
3983,18642.33349609375,-3583599.75,19142.33349609375,-3584099.75,3983
3993,18642.33349609375,-3588599.75,19142.33349609375,-3589099.75,3993
3994,18642.33349609375,-3589099.75,19142.33349609375,-3589599.75,3994
3996,18642.33349609375,-3590099.75,19142.33349609375,-3590599.75,3996
3998,18642.33349609375,-3591099.75,19142.33349609375,-3591599.75,3998
3999,18642.33349609375,-3591599.75,19142.33349609375,-3592099.75,3999
4000,18642.33349609375,-3592099.75,19142.33349609375,-3592599.75,4000
4003,18642.33349609375,-3593599.75,19142.33349609375,-3594099.75,4003
4004,18642.33349609375,-3594099.75,19142.33349609375,-3594599.75,4004
4005,18642.33349609375,-3594599.75,19142.33349609375,-3595099.75,4005
4010,18642.33349609375,-3597099.75,19142.33349609375,-3597599.75,4010
4069,19142.33349609375,-3577599.75,19642.33349609375,-3578099.75,4069
4070,19142.33349609375,-3578099.75,19642.33349609375,-3578599.75,4070
4071,19142.33349609375,-3578599.75,19642.33349609375,-3579099.75,4071
4072,19142.33349609375,-3579099.75,19642.33349609375,-3579599.75,4072
4074,19142.33349609375,-3580099.75,19642.33349609375,-3580599.75,4074
4077,19142.33349609375,-3581599.75,19642.33349609375,-3582099.75,4077
4078,19142.33349609375,-3582099.75,19642.33349609375,-3582599.75,4078
4081,19142.33349609375,-3583599.75,19642.33349609375,-3584099.75,4081
4082,19142.33349609375,-3584099.75,19642.33349609375,-3584599.75,4082
4083,19142.33349609375,-3584599.75,19642.33349609375,-3585099.75,4083
4086,19142.33349609375,-3586099.75,19642.33349609375,-3586599.75,4086
4087,19142.33349609375,-3586599.75,19642.33349609375,-3587099.75,4087
4090,19142.33349609375,-3588099.75,19642.33349609375,-3588599.75,4090
4095,19142.33349609375,-3590599.75,19642.33349609375,-3591099.75,4095
4100,19142.33349609375,-3593099.75,19642.33349609375,-3593599.75,4100
4101,19142.33349609375,-3593599.75,19642.33349609375,-3594099.75,4101
4104,19142.33349609375,-3595099.75,19642.33349609375,-3595599.75,4104
4105,19142.33349609375,-3595599.75,19642.33349609375,-3596099.75,4105
4169,19642.33349609375,-3578599.75,20142.33349609375,-3579099.75,4169
4170,19642.33349609375,-3579099.75,20142.33349609375,-3579599.75,4170
4173,19642.33349609375,-3580599.75,20142.33349609375,-3581099.75,4173
4174,19642.33349609375,-3581099.75,20142.33349609375,-3581599.75,4174
4177,19642.33349609375,-3582599.75,20142.33349609375,-3583099.75,4177
4179,19642.33349609375,-3583599.75,20142.33349609375,-3584099.75,4179
4180,19642.33349609375,-3584099.75,20142.33349609375,-3584599.75,4180
4181,19642.33349609375,-3584599.75,20142.33349609375,-3585099.75,4181
4182,19642.33349609375,-3585099.75,20142.33349609375,-3585599.75,4182
4184,19642.33349609375,-3586099.75,20142.33349609375,-3586599.75,4184
4185,19642.33349609375,-3586599.75,20142.33349609375,-3587099.75,4185
4186,19642.33349609375,-3587099.75,20142.33349609375,-3587599.75,4186
4187,19642.33349609375,-3587599.75,20142.33349609375,-3588099.75,4187
4188,19642.33349609375,-3588099.75,20142.33349609375,-3588599.75,4188
4189,19642.33349609375,-3588599.75,20142.33349609375,-3589099.75,4189
4190,19642.33349609375,-3589099.75,20142.33349609375,-3589599.75,4190
4194,19642.33349609375,-3591099.75,20142.33349609375,-3591599.75,4194
4196,19642.33349609375,-3592099.75,20142.33349609375,-3592599.75,4196
4199,19642.33349609375,-3593599.75,20142.33349609375,-3594099.75,4199
4202,19642.33349609375,-3595099.75,20142.33349609375,-3595599.75,4202
4269,20142.33349609375,-3579599.75,20642.33349609375,-3580099.75,4269
4271,20142.33349609375,-3580599.75,20642.33349609375,-3581099.75,4271
4272,20142.33349609375,-3581099.75,20642.33349609375,-3581599.75,4272
4276,20142.33349609375,-3583099.75,20642.33349609375,-3583599.75,4276
4282,20142.33349609375,-3586099.75,20642.33349609375,-3586599.75,4282
4284,20142.33349609375,-3587099.75,20642.33349609375,-3587599.75,4284
4285,20142.33349609375,-3587599.75,20642.33349609375,-3588099.75,4285
4288,20142.33349609375,-3589099.75,20642.33349609375,-3589599.75,4288
4290,20142.33349609375,-3590099.75,20642.33349609375,-3590599.75,4290
4291,20142.33349609375,-3590599.75,20642.33349609375,-3591099.75,4291
4294,20142.33349609375,-3592099.75,20642.33349609375,-3592599.75,4294
4295,20142.33349609375,-3592599.75,20642.33349609375,-3593099.75,4295
4296,20142.33349609375,-3593099.75,20642.33349609375,-3593599.75,4296
4371,20642.33349609375,-3581599.75,21142.33349609375,-3582099.75,4371
4375,20642.33349609375,-3583599.75,21142.33349609375,-3584099.75,4375
4388,20642.33349609375,-3590099.75,21142.33349609375,-3590599.75,4388
4393,20642.33349609375,-3592599.75,21142.33349609375,-3593099.75,4393
4396,20642.33349609375,-3594099.75,21142.33349609375,-3594599.75,4396
4469,21142.33349609375,-3581599.75,21642.33349609375,-3582099.75,4469
4476,21142.33349609375,-3585099.75,21642.33349609375,-3585599.75,4476
4477,21142.33349609375,-3585599.75,21642.33349609375,-3586099.75,4477
4478,21142.33349609375,-3586099.75,21642.33349609375,-3586599.75,4478
4479,21142.33349609375,-3586599.75,21642.33349609375,-3587099.75,4479
4484,21142.33349609375,-3589099.75,21642.33349609375,-3589599.75,4484
4571,21642.33349609375,-3583599.75,22142.33349609375,-3584099.75,4571
4576,21642.33349609375,-3586099.75,22142.33349609375,-3586599.75,4576
4580,21642.33349609375,-3588099.75,22142.33349609375,-3588599.75,4580
4582,21642.33349609375,-3589099.75,22142.33349609375,-3589599.75,4582
4584,21642.33349609375,-3590099.75,22142.33349609375,-3590599.75,4584
4585,21642.33349609375,-3590599.75,22142.33349609375,-3591099.75,4585
4671,22142.33349609375,-3584599.75,22642.33349609375,-3585099.75,4671
4672,22142.33349609375,-3585099.75,22642.33349609375,-3585599.75,4672
4678,22142.33349609375,-3588099.75,22642.33349609375,-3588599.75,4678
4680,22142.33349609375,-3589099.75,22642.33349609375,-3589599.75,4680
4681,22142.33349609375,-3589599.75,22642.33349609375,-3590099.75,4681
4682,22142.33349609375,-3590099.75,22642.33349609375,-3590599.75,4682
4685,22142.33349609375,-3591599.75,22642.33349609375,-3592099.75,4685
4687,22142.33349609375,-3592599.75,22642.33349609375,-3593099.75,4687
4688,22142.33349609375,-3593099.75,22642.33349609375,-3593599.75,4688
4771,22642.33349609375,-3585599.75,23142.33349609375,-3586099.75,4771
4774,22642.33349609375,-3587099.75,23142.33349609375,-3587599.75,4774
4776,22642.33349609375,-3588099.75,23142.33349609375,-3588599.75,4776
4782,22642.33349609375,-3591099.75,23142.33349609375,-3591599.75,4782
4783,22642.33349609375,-3591599.75,23142.33349609375,-3592099.75,4783
4873,23142.33349609375,-3587599.75,23642.33349609375,-3588099.75,4873
4876,23142.33349609375,-3589099.75,23642.33349609375,-3589599.75,4876
4879,23142.33349609375,-3590599.75,23642.33349609375,-3591099.75,4879
4881,23142.33349609375,-3591599.75,23642.33349609375,-3592099.75,4881
4975,23642.33349609375,-3589599.75,24142.33349609375,-3590099.75,4975
4977,23642.33349609375,-3590599.75,24142.33349609375,-3591099.75,4977
